D_pile,nb,x,y
400,4,202.7,118.9
400,4,-202.7,118.9
400,4,-202.7,-118.9
400,4,202.7,-118.9
400,5,179.2,152
400,5,-179.2,152
400,5,-179.2,-152
400,5,179.2,-152
400,5,235,0
400,6,235,0
400,6,-235,0
400,6,179.2,152
400,6,-179.2,152
400,6,-179.2,-152
400,6,179.2,-152
400,7,235,0
400,7,-235,0
400,7,126.3,198.2
400,7,-126.3,198.2
400,7,-126.3,-198.2
400,7,126.3,-198.2
400,7,235,0
400,8,221.8,77.6
400,8,-221.8,77.6
400,8,221.8,-77.6
400,8,-221.8,-77.6
400,8,126.3,198.2
400,8,-126.3,198.2
400,8,-126.3,-198.2
400,8,126.3,-198.2
400,9,221.8,77.6
400,9,-221.8,77.6
400,9,221.8,-77.6
400,9,-221.8,-77.6
400,9,99.9,212.7
400,9,-99.9,212.7
400,9,-99.9,-212.7
400,9,99.9,-212.7
400,9,235,0
500,4,245.1,145.4
500,4,-245.1,145.4
500,4,-245.1,-145.4
500,4,245.1,-145.4
500,5,216.6,185.2
500,5,-216.6,185.2
500,5,-216.6,-185.2
500,5,216.6,-185.2
500,5,285,0
500,6,285,0
500,6,-285,0
500,6,216.6,185.2
500,6,-216.6,185.2
500,6,-216.6,-185.2
500,6,216.6,-185.2
500,7,285,0
500,7,-285,0
500,7,191,211.6
500,7,-191,211.6
500,7,-191,-211.6
500,7,191,-211.6
500,7,285,0
500,8,274.9,75.2
500,8,-274.9,75.2
500,8,274.9,-75.2
500,8,-274.9,-75.2
500,8,191,211.6
500,8,-191,211.6
500,8,-191,-211.6
500,8,191,-211.6
500,9,274.9,75.2
500,9,-274.9,75.2
500,9,274.9,-75.2
500,9,-274.9,-75.2
500,9,131.1,253.1
500,9,-131.1,253.1
500,9,-131.1,-253.1
500,9,131.1,-253.1
500,9,285,0
500,10,285,0
500,10,-285,0
500,10,131.1,253.1
500,10,-131.1,253.1
500,10,-131.1,-253.1
500,10,131.1,-253.1
500,10,-245.3,-145.1
500,10,-245.3,145.1
500,10,245.3,145.1
500,10,245.3,-145.1
500,11,285,0
500,11,-285,0
500,11,128.3,254.5
500,11,-128.3,254.5
500,11,-128.3,-254.5
500,11,128.3,-254.5
500,11,-245.3,-145.1
500,11,-245.3,145.1
500,11,245.3,145.1
500,11,245.3,-145.1
500,11,285,0
600,4,287.5,171.9
600,4,-287.5,171.9
600,4,-287.5,-171.9
600,4,287.5,-171.9
600,5,254,218.4
600,5,-254,218.4
600,5,-254,-218.4
600,5,254,-218.4
600,5,335,0
600,6,335,0
600,6,-335,0
600,6,254,218.4
600,6,-254,218.4
600,6,-254,-218.4
600,6,254,-218.4
600,7,335,0
600,7,-335,0
600,7,226.1,247.2
600,7,-226.1,247.2
600,7,-226.1,-247.2
600,7,226.1,-247.2
600,7,335,0
600,8,326.8,73.7
600,8,-326.8,73.7
600,8,326.8,-73.7
600,8,-326.8,-73.7
600,8,226.1,247.2
600,8,-226.1,247.2
600,8,-226.1,-247.2
600,8,226.1,-247.2
600,9,326.8,73.7
600,9,-326.8,73.7
600,9,326.8,-73.7
600,9,-326.8,-73.7
600,9,203.8,265.9
600,9,-203.8,265.9
600,9,-203.8,-265.9
600,9,203.8,-265.9
600,9,335,0
600,10,335,0
600,10,-335,0
600,10,203.8,265.9
600,10,-203.8,265.9
600,10,-203.8,-265.9
600,10,203.8,-265.9
600,10,-302.6,-143.8
600,10,-302.6,143.8
600,10,302.6,143.8
600,10,302.6,-143.8
600,11,335,0
600,11,-335,0
600,11,139.6,304.5
600,11,-139.6,304.5
600,11,-139.6,-304.5
600,11,139.6,-304.5
600,11,-302.6,-143.8
600,11,-302.6,143.8
600,11,302.6,143.8
600,11,302.6,-143.8
600,11,335,0
600,12,326.8,73.7
600,12,-326.8,73.7
600,12,326.8,-73.7
600,12,-326.8,-73.7
600,12,139.6,304.5
600,12,-139.6,304.5
600,12,-139.6,-304.5
600,12,139.6,-304.5
600,12,-263.5,-206.8
600,12,-263.5,206.8
600,12,263.5,206.8
600,12,263.5,-206.8
600,13,326.8,73.7
600,13,-326.8,73.7
600,13,326.8,-73.7
600,13,-326.8,-73.7
600,13,139.6,304.5
600,13,-139.6,304.5
600,13,-139.6,-304.5
600,13,139.6,-304.5
600,13,-263.5,-206.8
600,13,-263.5,206.8
600,13,263.5,206.8
600,13,263.5,-206.8
600,13,335,0
700,4,332.8,193.7
700,4,-332.8,193.7
700,4,-332.8,-193.7
700,4,332.8,-193.7
700,5,294.3,248.3
700,5,-294.3,248.3
700,5,-294.3,-248.3
700,5,294.3,-248.3
700,5,385,0
700,6,385,0
700,6,-385,0
700,6,294.3,248.3
700,6,-294.3,248.3
700,6,-294.3,-248.3
700,6,294.3,-248.3
700,7,385,0
700,7,-385,0
700,7,258.5,285.3
700,7,-258.5,285.3
700,7,-258.5,-285.3
700,7,258.5,-285.3
700,7,385,0
700,8,378.1,72.6
700,8,-378.1,72.6
700,8,378.1,-72.6
700,8,-378.1,-72.6
700,8,258.5,285.3
700,8,-258.5,285.3
700,8,-258.5,-285.3
700,8,258.5,-285.3
700,9,378.1,72.6
700,9,-378.1,72.6
700,9,378.1,-72.6
700,9,-378.1,-72.6
700,9,233.8,305.9
700,9,-233.8,305.9
700,9,-233.8,-305.9
700,9,233.8,-305.9
700,9,385,0
700,10,385,0
700,10,-385,0
700,10,233.8,305.9
700,10,-233.8,305.9
700,10,-233.8,-305.9
700,10,233.8,-305.9
700,10,-357.6,-142.6
700,10,-357.6,142.6
700,10,357.6,142.6
700,10,357.6,-142.6
700,11,385,0
700,11,-385,0
700,11,220,316
700,11,-220,316
700,11,-220,-316
700,11,220,-316
700,11,-357.6,-142.6
700,11,-357.6,142.6
700,11,357.6,142.6
700,11,357.6,-142.6
700,11,385,0
700,12,378.1,72.6
700,12,-378.1,72.6
700,12,378.1,-72.6
700,12,-378.1,-72.6
700,12,220,316
700,12,-220,316
700,12,-220,-316
700,12,220,-316
700,12,-324.3,-207.5
700,12,-324.3,207.5
700,12,324.3,207.5
700,12,324.3,-207.5
700,13,378.1,72.6
700,13,-378.1,72.6
700,13,378.1,-72.6
700,13,-378.1,-72.6
700,13,145.8,356.4
700,13,-145.8,356.4
700,13,-145.8,-356.4
700,13,145.8,-356.4
700,13,-324.3,-207.5
700,13,-324.3,207.5
700,13,324.3,207.5
700,13,324.3,-207.5
700,13,385,0
700,14,385,0
700,14,-385,0
700,14,145.8,356.4
700,14,-145.8,356.4
700,14,-145.8,-356.4
700,14,145.8,-356.4
700,14,-357.6,-142.6
700,14,-357.6,142.6
700,14,357.6,142.6
700,14,357.6,-142.6
700,14,-279.4,-264.9
700,14,-279.4,264.9
700,14,279.4,264.9
700,14,279.4,-264.9
700,15,385,0
700,15,-385,0
700,15,145.8,356.4
700,15,-145.8,356.4
700,15,-145.8,-356.4
700,15,145.8,-356.4
700,15,-357.6,-142.6
700,15,-357.6,142.6
700,15,357.6,142.6
700,15,357.6,-142.6
700,15,-279.4,-264.9
700,15,-279.4,264.9
700,15,279.4,264.9
700,15,279.4,-264.9
700,15,385,0
700,16,378.1,72.6
700,16,-378.1,72.6
700,16,378.1,-72.6
700,16,-378.1,-72.6
700,16,82.5,376.1
700,16,-82.5,376.1
700,16,-82.5,-376.1
700,16,82.5,-376.1
700,16,-324.3,-207.5
700,16,-324.3,207.5
700,16,324.3,207.5
700,16,324.3,-207.5
700,16,-224.4,-312.8
700,16,-224.4,312.8
700,16,224.4,312.8
700,16,224.4,-312.8
800,4,375.2,220.1
800,4,-375.2,220.1
800,4,-375.2,-220.1
800,4,375.2,-220.1
800,5,331.7,281.4
800,5,-331.7,281.4
800,5,-331.7,-281.4
800,5,331.7,-281.4
800,5,435,0
800,6,435,0
800,6,-435,0
800,6,331.7,281.4
800,6,-331.7,281.4
800,6,-331.7,-281.4
800,6,331.7,-281.4
800,7,435,0
800,7,-435,0
800,7,293.6,321
800,7,-293.6,321
800,7,-293.6,-321
800,7,293.6,-321
800,7,435,0
800,8,429,71.8
800,8,-429,71.8
800,8,429,-71.8
800,8,-429,-71.8
800,8,293.6,321
800,8,-293.6,321
800,8,-293.6,-321
800,8,293.6,-321
800,9,429,71.8
800,9,-429,71.8
800,9,429,-71.8
800,9,-429,-71.8
800,9,263.7,345.9
800,9,-263.7,345.9
800,9,-263.7,-345.9
800,9,263.7,-345.9
800,9,435,0
800,10,435,0
800,10,-435,0
800,10,263.7,345.9
800,10,-263.7,345.9
800,10,-263.7,-345.9
800,10,263.7,-345.9
800,10,-411.3,-141.6
800,10,-411.3,141.6
800,10,411.3,141.6
800,10,411.3,-141.6
800,11,435,0
800,11,-435,0
800,11,247.4,357.8
800,11,-247.4,357.8
800,11,-247.4,-357.8
800,11,247.4,-357.8
800,11,-411.3,-141.6
800,11,-411.3,141.6
800,11,411.3,141.6
800,11,411.3,-141.6
800,11,435,0
800,12,429,71.8
800,12,-429,71.8
800,12,429,-71.8
800,12,-429,-71.8
800,12,247.4,357.8
800,12,-247.4,357.8
800,12,-247.4,-357.8
800,12,247.4,-357.8
800,12,-382.3,-207.5
800,12,-382.3,207.5
800,12,382.3,207.5
800,12,382.3,-207.5
800,13,429,71.8
800,13,-429,71.8
800,13,429,-71.8
800,13,-429,-71.8
800,13,231.1,368.5
800,13,-231.1,368.5
800,13,-231.1,-368.5
800,13,231.1,-368.5
800,13,-382.3,-207.5
800,13,-382.3,207.5
800,13,382.3,207.5
800,13,382.3,-207.5
800,13,435,0
800,14,435,0
800,14,-435,0
800,14,231.1,368.5
800,14,-231.1,368.5
800,14,-231.1,-368.5
800,14,231.1,-368.5
800,14,-411.3,-141.6
800,14,-411.3,141.6
800,14,411.3,141.6
800,14,411.3,-141.6
800,14,-342.8,-267.8
800,14,-342.8,267.8
800,14,342.8,267.8
800,14,342.8,-267.8
800,15,435,0
800,15,-435,0
800,15,165.8,402.2
800,15,-165.8,402.2
800,15,-165.8,-402.2
800,15,165.8,-402.2
800,15,-411.3,-141.6
800,15,-411.3,141.6
800,15,411.3,141.6
800,15,411.3,-141.6
800,15,-342.8,-267.8
800,15,-342.8,267.8
800,15,342.8,267.8
800,15,342.8,-267.8
800,15,435,0
800,16,429,71.8
800,16,-429,71.8
800,16,429,-71.8
800,16,-429,-71.8
800,16,165.8,402.2
800,16,-165.8,402.2
800,16,-165.8,-402.2
800,16,165.8,-402.2
800,16,-382.3,-207.5
800,16,-382.3,207.5
800,16,382.3,207.5
800,16,382.3,-207.5
800,16,-294,-320.6
800,16,-294,320.6
800,16,294,320.6
800,16,294,-320.6
800,17,429,71.8
800,17,-429,71.8
800,17,429,-71.8
800,17,-429,-71.8
800,17,165.8,402.2
800,17,-165.8,402.2
800,17,-165.8,-402.2
800,17,165.8,-402.2
800,17,-382.3,-207.5
800,17,-382.3,207.5
800,17,382.3,207.5
800,17,382.3,-207.5
800,17,-294,-320.6
800,17,-294,320.6
800,17,294,320.6
800,17,294,-320.6
800,17,435,0
800,18,435,0
800,18,-435,0
800,18,92.4,425.1
800,18,-92.4,425.1
800,18,-92.4,-425.1
800,18,92.4,-425.1
800,18,-411.3,-141.6
800,18,-411.3,141.6
800,18,411.3,141.6
800,18,411.3,-141.6
800,18,-342.8,-267.8
800,18,-342.8,267.8
800,18,342.8,267.8
800,18,342.8,-267.8
800,18,-237,-364.8
800,18,-237,364.8
800,18,237,364.8
800,18,237,-364.8
900,4,417.6,246.6
900,4,-417.6,246.6
900,4,-417.6,-246.6
900,4,417.6,-246.6
900,5,369.1,314.6
900,5,-369.1,314.6
900,5,-369.1,-314.6
900,5,369.1,-314.6
900,5,485,0
900,6,485,0
900,6,-485,0
900,6,369.1,314.6
900,6,-369.1,314.6
900,6,-369.1,-314.6
900,6,369.1,-314.6
900,7,485,0
900,7,-485,0
900,7,326,359.1
900,7,-326,359.1
900,7,-326,-359.1
900,7,326,-359.1
900,7,485,0
900,8,479.8,71.1
900,8,-479.8,71.1
900,8,479.8,-71.1
900,8,-479.8,-71.1
900,8,326,359.1
900,8,-326,359.1
900,8,-326,-359.1
900,8,326,-359.1
900,9,479.8,71.1
900,9,-479.8,71.1
900,9,479.8,-71.1
900,9,-479.8,-71.1
900,9,277.5,397.8
900,9,-277.5,397.8
900,9,-277.5,-397.8
900,9,277.5,-397.8
900,9,485,0
900,10,485,0
900,10,-485,0
900,10,277.5,397.8
900,10,-277.5,397.8
900,10,-277.5,-397.8
900,10,277.5,-397.8
900,10,-464.1,-140.7
900,10,-464.1,140.7
900,10,464.1,140.7
900,10,464.1,-140.7
900,11,485,0
900,11,-485,0
900,11,258.7,410.3
900,11,-258.7,410.3
900,11,-258.7,-410.3
900,11,258.7,-410.3
900,11,-464.1,-140.7
900,11,-464.1,140.7
900,11,464.1,140.7
900,11,464.1,-140.7
900,11,485,0
900,12,479.8,71.1
900,12,-479.8,71.1
900,12,479.8,-71.1
900,12,-479.8,-71.1
900,12,258.7,410.3
900,12,-258.7,410.3
900,12,-258.7,-410.3
900,12,258.7,-410.3
900,12,-438.5,-207.3
900,12,-438.5,207.3
900,12,438.5,207.3
900,12,438.5,-207.3
900,13,479.8,71.1
900,13,-479.8,71.1
900,13,479.8,-71.1
900,13,-479.8,-71.1
900,13,258.7,410.3
900,13,-258.7,410.3
900,13,-258.7,-410.3
900,13,258.7,-410.3
900,13,-438.5,-207.3
900,13,-438.5,207.3
900,13,438.5,207.3
900,13,438.5,-207.3
900,13,485,0
900,14,485,0
900,14,-485,0
900,14,258.7,410.3
900,14,-258.7,410.3
900,14,-258.7,-410.3
900,14,258.7,-410.3
900,14,-464.1,-140.7
900,14,-464.1,140.7
900,14,464.1,140.7
900,14,464.1,-140.7
900,14,-403.3,-269.4
900,14,-403.3,269.4
900,14,403.3,269.4
900,14,403.3,-269.4
900,15,485,0
900,15,-485,0
900,15,242.5,420
900,15,-242.5,420
900,15,-242.5,-420
900,15,242.5,-420
900,15,-464.1,-140.7
900,15,-464.1,140.7
900,15,464.1,140.7
900,15,464.1,-140.7
900,15,-403.3,-269.4
900,15,-403.3,269.4
900,15,403.3,269.4
900,15,403.3,-269.4
900,15,485,0
900,16,479.8,71.1
900,16,-479.8,71.1
900,16,479.8,-71.1
900,16,-479.8,-71.1
900,16,242.5,420
900,16,-242.5,420
900,16,-242.5,-420
900,16,242.5,-420
900,16,-438.5,-207.3
900,16,-438.5,207.3
900,16,438.5,207.3
900,16,438.5,-207.3
900,16,-359.5,-325.6
900,16,-359.5,325.6
900,16,359.5,325.6
900,16,359.5,-325.6
900,17,479.8,71.1
900,17,-479.8,71.1
900,17,479.8,-71.1
900,17,-479.8,-71.1
900,17,183.2,449.1
900,17,-183.2,449.1
900,17,-183.2,-449.1
900,17,183.2,-449.1
900,17,-438.5,-207.3
900,17,-438.5,207.3
900,17,438.5,207.3
900,17,438.5,-207.3
900,17,-359.5,-325.6
900,17,-359.5,325.6
900,17,359.5,325.6
900,17,359.5,-325.6
900,17,485,0
900,18,485,0
900,18,-485,0
900,18,183.2,449.1
900,18,-183.2,449.1
900,18,-183.2,-449.1
900,18,183.2,-449.1
900,18,-464.1,-140.7
900,18,-464.1,140.7
900,18,464.1,140.7
900,18,464.1,-140.7
900,18,-403.3,-269.4
900,18,-403.3,269.4
900,18,403.3,269.4
900,18,403.3,-269.4
900,18,-307.8,-374.8
900,18,-307.8,374.8
900,18,307.8,374.8
900,18,307.8,-374.8
900,19,485,0
900,19,-485,0
900,19,183.2,449.1
900,19,-183.2,449.1
900,19,-183.2,-449.1
900,19,183.2,-449.1
900,19,-464.1,-140.7
900,19,-464.1,140.7
900,19,464.1,140.7
900,19,464.1,-140.7
900,19,-403.3,-269.4
900,19,-403.3,269.4
900,19,403.3,269.4
900,19,403.3,-269.4
900,19,-307.8,-374.8
900,19,-307.8,374.8
900,19,307.8,374.8
900,19,307.8,-374.8
900,19,485,0
900,20,479.8,71.1
900,20,-479.8,71.1
900,20,479.8,-71.1
900,20,-479.8,-71.1
900,20,102.4,474.1
900,20,-102.4,474.1
900,20,-102.4,-474.1
900,20,102.4,-474.1
900,20,-438.5,-207.3
900,20,-438.5,207.3
900,20,438.5,207.3
900,20,438.5,-207.3
900,20,-359.5,-325.6
900,20,-359.5,325.6
900,20,359.5,325.6
900,20,359.5,-325.6
900,20,-249.5,-415.9
900,20,-249.5,415.9
900,20,249.5,415.9
900,20,249.5,-415.9
1000,4,462.8,268.5
1000,4,-462.8,268.5
1000,4,-462.8,-268.5
1000,4,462.8,-268.5
1000,5,409.3,344.6
1000,5,-409.3,344.6
1000,5,-409.3,-344.6
1000,5,409.3,-344.6
1000,5,535,0
1000,6,535,0
1000,6,-535,0
1000,6,409.3,344.6
1000,6,-409.3,344.6
1000,6,-409.3,-344.6
1000,6,409.3,-344.6
1000,7,535,0
1000,7,-535,0
1000,7,361.1,394.7
1000,7,-361.1,394.7
1000,7,-361.1,-394.7
1000,7,361.1,-394.7
1000,7,535,0
1000,8,530.3,70.6
1000,8,-530.3,70.6
1000,8,530.3,-70.6
1000,8,-530.3,-70.6
1000,8,361.1,394.7
1000,8,-361.1,394.7
1000,8,-361.1,-394.7
1000,8,361.1,-394.7
1000,9,530.3,70.6
1000,9,-530.3,70.6
1000,9,530.3,-70.6
1000,9,-530.3,-70.6
1000,9,305,439.6
1000,9,-305,439.6
1000,9,-305,-439.6
1000,9,305,-439.6
1000,9,535,0
1000,10,535,0
1000,10,-535,0
1000,10,305,439.6
1000,10,-305,439.6
1000,10,-305,-439.6
1000,10,305,-439.6
1000,10,-516.4,-140
1000,10,-516.4,140
1000,10,516.4,140
1000,10,516.4,-140
1000,11,535,0
1000,11,-535,0
1000,11,267.5,463.3
1000,11,-267.5,463.3
1000,11,-267.5,-463.3
1000,11,267.5,-463.3
1000,11,-516.4,-140
1000,11,-516.4,140
1000,11,516.4,140
1000,11,516.4,-140
1000,11,535,0
1000,12,530.3,70.6
1000,12,-530.3,70.6
1000,12,530.3,-70.6
1000,12,-530.3,-70.6
1000,12,267.5,463.3
1000,12,-267.5,463.3
1000,12,-267.5,-463.3
1000,12,267.5,-463.3
1000,12,-493.4,-206.9
1000,12,-493.4,206.9
1000,12,493.4,206.9
1000,12,493.4,-206.9
1000,13,530.3,70.6
1000,13,-530.3,70.6
1000,13,530.3,-70.6
1000,13,-530.3,-70.6
1000,13,267.5,463.3
1000,13,-267.5,463.3
1000,13,-267.5,-463.3
1000,13,267.5,-463.3
1000,13,-493.4,-206.9
1000,13,-493.4,206.9
1000,13,493.4,206.9
1000,13,493.4,-206.9
1000,13,535,0
1000,14,535,0
1000,14,-535,0
1000,14,267.5,463.3
1000,14,-267.5,463.3
1000,14,-267.5,-463.3
1000,14,267.5,-463.3
1000,14,-516.4,-140
1000,14,-516.4,140
1000,14,516.4,140
1000,14,516.4,-140
1000,14,-461.7,-270.3
1000,14,-461.7,270.3
1000,14,461.7,270.3
1000,14,461.7,-270.3
1000,15,535,0
1000,15,-535,0
1000,15,267.5,463.3
1000,15,-267.5,463.3
1000,15,-267.5,-463.3
1000,15,267.5,-463.3
1000,15,-516.4,-140
1000,15,-516.4,140
1000,15,516.4,140
1000,15,516.4,-140
1000,15,-461.7,-270.3
1000,15,-461.7,270.3
1000,15,461.7,270.3
1000,15,461.7,-270.3
1000,15,535,0
1000,16,530.3,70.6
1000,16,-530.3,70.6
1000,16,530.3,-70.6
1000,16,-530.3,-70.6
1000,16,267.5,463.3
1000,16,-267.5,463.3
1000,16,-267.5,-463.3
1000,16,267.5,-463.3
1000,16,-493.4,-206.9
1000,16,-493.4,206.9
1000,16,493.4,206.9
1000,16,493.4,-206.9
1000,16,-422,-328.8
1000,16,-422,328.8
1000,16,422,328.8
1000,16,422,-328.8
1000,17,530.3,70.6
1000,17,-530.3,70.6
1000,17,530.3,-70.6
1000,17,-530.3,-70.6
1000,17,246.1,475
1000,17,-246.1,475
1000,17,-246.1,-475
1000,17,246.1,-475
1000,17,-493.4,-206.9
1000,17,-493.4,206.9
1000,17,493.4,206.9
1000,17,493.4,-206.9
1000,17,-422,-328.8
1000,17,-422,328.8
1000,17,422,328.8
1000,17,422,-328.8
1000,17,535,0
1000,18,535,0
1000,18,-535,0
1000,18,246.1,475
1000,18,-246.1,475
1000,18,-246.1,-475
1000,18,246.1,-475
1000,18,-516.4,-140
1000,18,-516.4,140
1000,18,516.4,140
1000,18,516.4,-140
1000,18,-461.7,-270.3
1000,18,-461.7,270.3
1000,18,461.7,270.3
1000,18,461.7,-270.3
1000,18,-374.9,-381.7
1000,18,-374.9,381.7
1000,18,374.9,381.7
1000,18,374.9,-381.7
1000,19,535,0
1000,19,-535,0
1000,19,181.9,503.1
1000,19,-181.9,503.1
1000,19,-181.9,-503.1
1000,19,181.9,-503.1
1000,19,-516.4,-140
1000,19,-516.4,140
1000,19,516.4,140
1000,19,516.4,-140
1000,19,-461.7,-270.3
1000,19,-461.7,270.3
1000,19,461.7,270.3
1000,19,461.7,-270.3
1000,19,-374.9,-381.7
1000,19,-374.9,381.7
1000,19,374.9,381.7
1000,19,374.9,-381.7
1000,19,535,0
1000,20,530.3,70.6
1000,20,-530.3,70.6
1000,20,530.3,-70.6
1000,20,-530.3,-70.6
1000,20,181.9,503.1
1000,20,-181.9,503.1
1000,20,-181.9,-503.1
1000,20,181.9,-503.1
1000,20,-493.4,-206.9
1000,20,-493.4,206.9
1000,20,493.4,206.9
1000,20,493.4,-206.9
1000,20,-422,-328.8
1000,20,-422,328.8
1000,20,422,328.8
1000,20,422,-328.8
1000,20,-321.3,-427.8
1000,20,-321.3,427.8
1000,20,321.3,427.8
1000,20,321.3,-427.8
1000,21,530.3,70.6
1000,21,-530.3,70.6
1000,21,530.3,-70.6
1000,21,-530.3,-70.6
1000,21,115,522.5
1000,21,-115,522.5
1000,21,-115,-522.5
1000,21,115,-522.5
1000,21,-493.4,-206.9
1000,21,-493.4,206.9
1000,21,493.4,206.9
1000,21,493.4,-206.9
1000,21,-422,-328.8
1000,21,-422,328.8
1000,21,422,328.8
1000,21,422,-328.8
1000,21,-321.3,-427.8
1000,21,-321.3,427.8
1000,21,321.3,427.8
1000,21,321.3,-427.8
1000,21,535,0
1000,22,535,0
1000,22,-535,0
1000,22,115,522.5
1000,22,-115,522.5
1000,22,-115,-522.5
1000,22,115,-522.5
1000,22,-516.4,-140
1000,22,-516.4,140
1000,22,516.4,140
1000,22,516.4,-140
1000,22,-461.7,-270.3
1000,22,-461.7,270.3
1000,22,461.7,270.3
1000,22,461.7,-270.3
1000,22,-374.9,-381.7
1000,22,-374.9,381.7
1000,22,374.9,381.7
1000,22,374.9,-381.7
1000,22,-262,-466.5
1000,22,-262,466.5
1000,22,262,466.5
1000,22,262,-466.5
1100,4,505.2,294.9
1100,4,-505.2,294.9
1100,4,-505.2,-294.9
1100,4,505.2,-294.9
1100,5,446.7,377.7
1100,5,-446.7,377.7
1100,5,-446.7,-377.7
1100,5,446.7,-377.7
1100,5,585,0
1100,6,585,0
1100,6,-585,0
1100,6,446.7,377.7
1100,6,-446.7,377.7
1100,6,-446.7,-377.7
1100,6,446.7,-377.7
1100,7,585,0
1100,7,-585,0
1100,7,393.6,432.8
1100,7,-393.6,432.8
1100,7,-393.6,-432.8
1100,7,393.6,-432.8
1100,7,585,0
1100,8,580.8,70.2
1100,8,-580.8,70.2
1100,8,580.8,-70.2
1100,8,-580.8,-70.2
1100,8,393.6,432.8
1100,8,-393.6,432.8
1100,8,-393.6,-432.8
1100,8,393.6,-432.8
1100,9,580.8,70.2
1100,9,-580.8,70.2
1100,9,580.8,-70.2
1100,9,-580.8,-70.2
1100,9,335.1,479.6
1100,9,-335.1,479.6
1100,9,-335.1,-479.6
1100,9,335.1,-479.6
1100,9,585,0
1100,10,585,0
1100,10,-585,0
1100,10,335.1,479.6
1100,10,-335.1,479.6
1100,10,-335.1,-479.6
1100,10,335.1,-479.6
1100,10,-568.2,-139.4
1100,10,-568.2,139.4
1100,10,568.2,139.4
1100,10,568.2,-139.4
1100,11,585,0
1100,11,-585,0
1100,11,292.5,506.6
1100,11,-292.5,506.6
1100,11,-292.5,-506.6
1100,11,292.5,-506.6
1100,11,-568.2,-139.4
1100,11,-568.2,139.4
1100,11,568.2,139.4
1100,11,568.2,-139.4
1100,11,585,0
1100,12,580.8,70.2
1100,12,-580.8,70.2
1100,12,580.8,-70.2
1100,12,-580.8,-70.2
1100,12,292.5,506.6
1100,12,-292.5,506.6
1100,12,-292.5,-506.6
1100,12,292.5,-506.6
1100,12,-547.3,-206.6
1100,12,-547.3,206.6
1100,12,547.3,206.6
1100,12,547.3,-206.6
1100,13,580.8,70.2
1100,13,-580.8,70.2
1100,13,580.8,-70.2
1100,13,-580.8,-70.2
1100,13,268.6,519.7
1100,13,-268.6,519.7
1100,13,-268.6,-519.7
1100,13,268.6,-519.7
1100,13,-547.3,-206.6
1100,13,-547.3,206.6
1100,13,547.3,206.6
1100,13,547.3,-206.6
1100,13,585,0
1100,14,585,0
1100,14,-585,0
1100,14,268.6,519.7
1100,14,-268.6,519.7
1100,14,-268.6,-519.7
1100,14,268.6,-519.7
1100,14,-568.2,-139.4
1100,14,-568.2,139.4
1100,14,568.2,139.4
1100,14,568.2,-139.4
1100,14,-518.6,-270.7
1100,14,-518.6,270.7
1100,14,518.6,270.7
1100,14,518.6,-270.7
1100,15,585,0
1100,15,-585,0
1100,15,268.6,519.7
1100,15,-268.6,519.7
1100,15,-268.6,-519.7
1100,15,268.6,-519.7
1100,15,-568.2,-139.4
1100,15,-568.2,139.4
1100,15,568.2,139.4
1100,15,568.2,-139.4
1100,15,-518.6,-270.7
1100,15,-518.6,270.7
1100,15,518.6,270.7
1100,15,518.6,-270.7
1100,15,585,0
1100,16,580.8,70.2
1100,16,-580.8,70.2
1100,16,580.8,-70.2
1100,16,-580.8,-70.2
1100,16,268.6,519.7
1100,16,-268.6,519.7
1100,16,-268.6,-519.7
1100,16,268.6,-519.7
1100,16,-547.3,-206.6
1100,16,-547.3,206.6
1100,16,547.3,206.6
1100,16,547.3,-206.6
1100,16,-482.3,-331
1100,16,-482.3,331
1100,16,482.3,331
1100,16,482.3,-331
1100,17,580.8,70.2
1100,17,-580.8,70.2
1100,17,580.8,-70.2
1100,17,-580.8,-70.2
1100,17,268.6,519.7
1100,17,-268.6,519.7
1100,17,-268.6,-519.7
1100,17,268.6,-519.7
1100,17,-547.3,-206.6
1100,17,-547.3,206.6
1100,17,547.3,206.6
1100,17,547.3,-206.6
1100,17,-482.3,-331
1100,17,-482.3,331
1100,17,482.3,331
1100,17,482.3,-331
1100,17,585,0
1100,18,585,0
1100,18,-585,0
1100,18,268.6,519.7
1100,18,-268.6,519.7
1100,18,-268.6,-519.7
1100,18,268.6,-519.7
1100,18,-568.2,-139.4
1100,18,-568.2,139.4
1100,18,568.2,139.4
1100,18,568.2,-139.4
1100,18,-518.6,-270.7
1100,18,-518.6,270.7
1100,18,518.6,270.7
1100,18,518.6,-270.7
1100,18,-439.1,-386.5
1100,18,-439.1,386.5
1100,18,439.1,386.5
1100,18,439.1,-386.5
1100,19,585,0
1100,19,-585,0
1100,19,244.6,531.4
1100,19,-244.6,531.4
1100,19,-244.6,-531.4
1100,19,244.6,-531.4
1100,19,-568.2,-139.4
1100,19,-568.2,139.4
1100,19,568.2,139.4
1100,19,568.2,-139.4
1100,19,-518.6,-270.7
1100,19,-518.6,270.7
1100,19,518.6,270.7
1100,19,518.6,-270.7
1100,19,-439.1,-386.5
1100,19,-439.1,386.5
1100,19,439.1,386.5
1100,19,439.1,-386.5
1100,19,585,0
1100,20,580.8,70.2
1100,20,-580.8,70.2
1100,20,580.8,-70.2
1100,20,-580.8,-70.2
1100,20,244.6,531.4
1100,20,-244.6,531.4
1100,20,-244.6,-531.4
1100,20,244.6,-531.4
1100,20,-547.3,-206.6
1100,20,-547.3,206.6
1100,20,547.3,206.6
1100,20,547.3,-206.6
1100,20,-482.3,-331
1100,20,-482.3,331
1100,20,482.3,331
1100,20,482.3,-331
1100,20,-389.6,-436.4
1100,20,-389.6,436.4
1100,20,389.6,436.4
1100,20,389.6,-436.4
1100,21,580.8,70.2
1100,21,-580.8,70.2
1100,21,580.8,-70.2
1100,21,-580.8,-70.2
1100,21,199.4,550
1100,21,-199.4,550
1100,21,-199.4,-550
1100,21,199.4,-550
1100,21,-547.3,-206.6
1100,21,-547.3,206.6
1100,21,547.3,206.6
1100,21,547.3,-206.6
1100,21,-482.3,-331
1100,21,-482.3,331
1100,21,482.3,331
1100,21,482.3,-331
1100,21,-389.6,-436.4
1100,21,-389.6,436.4
1100,21,389.6,436.4
1100,21,389.6,-436.4
1100,21,585,0
1100,22,585,0
1100,22,-585,0
1100,22,199.4,550
1100,22,-199.4,550
1100,22,-199.4,-550
1100,22,199.4,-550
1100,22,-568.2,-139.4
1100,22,-568.2,139.4
1100,22,568.2,139.4
1100,22,568.2,-139.4
1100,22,-518.6,-270.7
1100,22,-518.6,270.7
1100,22,518.6,270.7
1100,22,518.6,-270.7
1100,22,-439.1,-386.5
1100,22,-439.1,386.5
1100,22,439.1,386.5
1100,22,439.1,-386.5
1100,22,-334.4,-480
1100,22,-334.4,480
1100,22,334.4,480
1100,22,334.4,-480
1100,23,585,0
1100,23,-585,0
1100,23,125,571.5
1100,23,-125,571.5
1100,23,-125,-571.5
1100,23,125,-571.5
1100,23,-568.2,-139.4
1100,23,-568.2,139.4
1100,23,568.2,139.4
1100,23,568.2,-139.4
1100,23,-518.6,-270.7
1100,23,-518.6,270.7
1100,23,518.6,270.7
1100,23,518.6,-270.7
1100,23,-439.1,-386.5
1100,23,-439.1,386.5
1100,23,439.1,386.5
1100,23,439.1,-386.5
1100,23,-334.4,-480
1100,23,-334.4,480
1100,23,334.4,480
1100,23,334.4,-480
1100,23,585,0
1100,24,580.8,70.2
1100,24,-580.8,70.2
1100,24,580.8,-70.2
1100,24,-580.8,-70.2
1100,24,125,571.5
1100,24,-125,571.5
1100,24,-125,-571.5
1100,24,125,-571.5
1100,24,-547.3,-206.6
1100,24,-547.3,206.6
1100,24,547.3,206.6
1100,24,547.3,-206.6
1100,24,-482.3,-331
1100,24,-482.3,331
1100,24,482.3,331
1100,24,482.3,-331
1100,24,-389.6,-436.4
1100,24,-389.6,436.4
1100,24,389.6,436.4
1100,24,389.6,-436.4
1100,24,-274.4,-516.7
1100,24,-274.4,516.7
1100,24,274.4,516.7
1100,24,274.4,-516.7
1200,4,547.7,321.4
1200,4,-547.7,321.4
1200,4,-547.7,-321.4
1200,4,547.7,-321.4
1200,5,484.2,410.8
1200,5,-484.2,410.8
1200,5,-484.2,-410.8
1200,5,484.2,-410.8
1200,5,635,0
1200,6,635,0
1200,6,-635,0
1200,6,484.2,410.8
1200,6,-484.2,410.8
1200,6,-484.2,-410.8
1200,6,484.2,-410.8
1200,7,635,0
1200,7,-635,0
1200,7,428.6,468.5
1200,7,-428.6,468.5
1200,7,-428.6,-468.5
1200,7,428.6,-468.5
1200,7,635,0
1200,8,631.2,69.9
1200,8,-631.2,69.9
1200,8,631.2,-69.9
1200,8,-631.2,-69.9
1200,8,428.6,468.5
1200,8,-428.6,468.5
1200,8,-428.6,-468.5
1200,8,428.6,-468.5
1200,9,631.2,69.9
1200,9,-631.2,69.9
1200,9,631.2,-69.9
1200,9,-631.2,-69.9
1200,9,362.5,521.4
1200,9,-362.5,521.4
1200,9,-362.5,-521.4
1200,9,362.5,-521.4
1200,9,635,0
1200,10,635,0
1200,10,-635,0
1200,10,362.5,521.4
1200,10,-362.5,521.4
1200,10,-362.5,-521.4
1200,10,362.5,-521.4
1200,10,-619.6,-138.9
1200,10,-619.6,138.9
1200,10,619.6,138.9
1200,10,619.6,-138.9
1200,11,635,0
1200,11,-635,0
1200,11,291,564.4
1200,11,-291,564.4
1200,11,-291,-564.4
1200,11,291,-564.4
1200,11,-619.6,-138.9
1200,11,-619.6,138.9
1200,11,619.6,138.9
1200,11,619.6,-138.9
1200,11,635,0
1200,12,631.2,69.9
1200,12,-631.2,69.9
1200,12,631.2,-69.9
1200,12,-631.2,-69.9
1200,12,291,564.4
1200,12,-291,564.4
1200,12,-291,-564.4
1200,12,291,-564.4
1200,12,-600.6,-206.2
1200,12,-600.6,206.2
1200,12,600.6,206.2
1200,12,600.6,-206.2
1200,13,631.2,69.9
1200,13,-631.2,69.9
1200,13,631.2,-69.9
1200,13,-631.2,-69.9
1200,13,267.2,576
1200,13,-267.2,576
1200,13,-267.2,-576
1200,13,267.2,-576
1200,13,-600.6,-206.2
1200,13,-600.6,206.2
1200,13,600.6,206.2
1200,13,600.6,-206.2
1200,13,635,0
1200,14,635,0
1200,14,-635,0
1200,14,267.2,576
1200,14,-267.2,576
1200,14,-267.2,-576
1200,14,267.2,-576
1200,14,-619.6,-138.9
1200,14,-619.6,138.9
1200,14,619.6,138.9
1200,14,619.6,-138.9
1200,14,-574.3,-271
1200,14,-574.3,271
1200,14,574.3,271
1200,14,574.3,-271
1200,15,635,0
1200,15,-635,0
1200,15,240.8,587.6
1200,15,-240.8,587.6
1200,15,-240.8,-587.6
1200,15,240.8,-587.6
1200,15,-619.6,-138.9
1200,15,-619.6,138.9
1200,15,619.6,138.9
1200,15,619.6,-138.9
1200,15,-574.3,-271
1200,15,-574.3,271
1200,15,574.3,271
1200,15,574.3,-271
1200,15,635,0
1200,16,631.2,69.9
1200,16,-631.2,69.9
1200,16,631.2,-69.9
1200,16,-631.2,-69.9
1200,16,240.8,587.6
1200,16,-240.8,587.6
1200,16,-240.8,-587.6
1200,16,240.8,-587.6
1200,16,-600.6,-206.2
1200,16,-600.6,206.2
1200,16,600.6,206.2
1200,16,600.6,-206.2
1200,16,-541,-332.5
1200,16,-541,332.5
1200,16,541,332.5
1200,16,541,-332.5
1200,17,631.2,69.9
1200,17,-631.2,69.9
1200,17,631.2,-69.9
1200,17,-631.2,-69.9
1200,17,217,596.8
1200,17,-217,596.8
1200,17,-217,-596.8
1200,17,217,-596.8
1200,17,-600.6,-206.2
1200,17,-600.6,206.2
1200,17,600.6,206.2
1200,17,600.6,-206.2
1200,17,-541,-332.5
1200,17,-541,332.5
1200,17,541,332.5
1200,17,541,-332.5
1200,17,635,0
1200,18,635,0
1200,18,-635,0
1200,18,217,596.8
1200,18,-217,596.8
1200,18,-217,-596.8
1200,18,217,-596.8
1200,18,-619.6,-138.9
1200,18,-619.6,138.9
1200,18,619.6,138.9
1200,18,619.6,-138.9
1200,18,-574.3,-271
1200,18,-574.3,271
1200,18,574.3,271
1200,18,574.3,-271
1200,18,-501.1,-390
1200,18,-501.1,390
1200,18,501.1,390
1200,18,501.1,-390
1200,19,635,0
1200,19,-635,0
1200,19,267.2,576
1200,19,-267.2,576
1200,19,-267.2,-576
1200,19,267.2,-576
1200,19,-619.6,-138.9
1200,19,-619.6,138.9
1200,19,619.6,138.9
1200,19,619.6,-138.9
1200,19,-574.3,-271
1200,19,-574.3,271
1200,19,574.3,271
1200,19,574.3,-271
1200,19,-501.1,-390
1200,19,-501.1,390
1200,19,501.1,390
1200,19,501.1,-390
1200,19,635,0
1200,20,631.2,69.9
1200,20,-631.2,69.9
1200,20,631.2,-69.9
1200,20,-631.2,-69.9
1200,20,267.2,576
1200,20,-267.2,576
1200,20,-267.2,-576
1200,20,267.2,-576
1200,20,-600.6,-206.2
1200,20,-600.6,206.2
1200,20,600.6,206.2
1200,20,600.6,-206.2
1200,20,-541,-332.5
1200,20,-541,332.5
1200,20,541,332.5
1200,20,541,-332.5
1200,20,-455.2,-442.8
1200,20,-455.2,442.8
1200,20,455.2,442.8
1200,20,455.2,-442.8
1200,21,631.2,69.9
1200,21,-631.2,69.9
1200,21,631.2,-69.9
1200,21,-631.2,-69.9
1200,21,267.2,576
1200,21,-267.2,576
1200,21,-267.2,-576
1200,21,267.2,-576
1200,21,-600.6,-206.2
1200,21,-600.6,206.2
1200,21,600.6,206.2
1200,21,600.6,-206.2
1200,21,-541,-332.5
1200,21,-541,332.5
1200,21,541,332.5
1200,21,541,-332.5
1200,21,-455.2,-442.8
1200,21,-455.2,442.8
1200,21,455.2,442.8
1200,21,455.2,-442.8
1200,21,635,0
1200,22,635,0
1200,22,-635,0
1200,22,267.2,576
1200,22,-267.2,576
1200,22,-267.2,-576
1200,22,267.2,-576
1200,22,-619.6,-138.9
1200,22,-619.6,138.9
1200,22,619.6,138.9
1200,22,619.6,-138.9
1200,22,-574.3,-271
1200,22,-574.3,271
1200,22,574.3,271
1200,22,574.3,-271
1200,22,-501.1,-390
1200,22,-501.1,390
1200,22,501.1,390
1200,22,501.1,-390
1200,22,-403.7,-490.1
1200,22,-403.7,490.1
1200,22,403.7,490.1
1200,22,403.7,-490.1
1200,23,635,0
1200,23,-635,0
1200,23,217,596.8
1200,23,-217,596.8
1200,23,-217,-596.8
1200,23,217,-596.8
1200,23,-619.6,-138.9
1200,23,-619.6,138.9
1200,23,619.6,138.9
1200,23,619.6,-138.9
1200,23,-574.3,-271
1200,23,-574.3,271
1200,23,574.3,271
1200,23,574.3,-271
1200,23,-501.1,-390
1200,23,-501.1,390
1200,23,501.1,390
1200,23,501.1,-390
1200,23,-403.7,-490.1
1200,23,-403.7,490.1
1200,23,403.7,490.1
1200,23,403.7,-490.1
1200,23,635,0
1200,24,631.2,69.9
1200,24,-631.2,69.9
1200,24,631.2,-69.9
1200,24,-631.2,-69.9
1200,24,217,596.8
1200,24,-217,596.8
1200,24,-217,-596.8
1200,24,217,-596.8
1200,24,-600.6,-206.2
1200,24,-600.6,206.2
1200,24,600.6,206.2
1200,24,600.6,-206.2
1200,24,-541,-332.5
1200,24,-541,332.5
1200,24,541,332.5
1200,24,541,-332.5
1200,24,-455.2,-442.8
1200,24,-455.2,442.8
1200,24,455.2,442.8
1200,24,455.2,-442.8
1200,24,-347.4,-531.6
1200,24,-347.4,531.6
1200,24,347.4,531.6
1200,24,347.4,-531.6
1200,25,631.2,69.9
1200,25,-631.2,69.9
1200,25,631.2,-69.9
1200,25,-631.2,-69.9
1200,25,134.9,620.5
1200,25,-134.9,620.5
1200,25,-134.9,-620.5
1200,25,134.9,-620.5
1200,25,-600.6,-206.2
1200,25,-600.6,206.2
1200,25,600.6,206.2
1200,25,600.6,-206.2
1200,25,-541,-332.5
1200,25,-541,332.5
1200,25,541,332.5
1200,25,541,-332.5
1200,25,-455.2,-442.8
1200,25,-455.2,442.8
1200,25,455.2,442.8
1200,25,455.2,-442.8
1200,25,-347.4,-531.6
1200,25,-347.4,531.6
1200,25,347.4,531.6
1200,25,347.4,-531.6
1200,25,635,0
1200,26,635,0
1200,26,-635,0
1200,26,134.9,620.5
1200,26,-134.9,620.5
1200,26,-134.9,-620.5
1200,26,134.9,-620.5
1200,26,-619.6,-138.9
1200,26,-619.6,138.9
1200,26,619.6,138.9
1200,26,619.6,-138.9
1200,26,-574.3,-271
1200,26,-574.3,271
1200,26,574.3,271
1200,26,574.3,-271
1200,26,-501.1,-390
1200,26,-501.1,390
1200,26,501.1,390
1200,26,501.1,-390
1200,26,-403.7,-490.1
1200,26,-403.7,490.1
1200,26,403.7,490.1
1200,26,403.7,-490.1
1200,26,-286.8,-566.6
1200,26,-286.8,566.6
1200,26,286.8,566.6
1200,26,286.8,-566.6
1300,4,592.8,343.3
1300,4,-592.8,343.3
1300,4,-592.8,-343.3
1300,4,592.8,-343.3
1300,5,524.3,440.9
1300,5,-524.3,440.9
1300,5,-524.3,-440.9
1300,5,524.3,-440.9
1300,5,685,0
1300,6,685,0
1300,6,-685,0
1300,6,524.3,440.9
1300,6,-524.3,440.9
1300,6,-524.3,-440.9
1300,6,524.3,-440.9
1300,7,685,0
1300,7,-685,0
1300,7,461.1,506.6
1300,7,-461.1,506.6
1300,7,-461.1,-506.6
1300,7,461.1,-506.6
1300,7,685,0
1300,8,681.5,69.6
1300,8,-681.5,69.6
1300,8,681.5,-69.6
1300,8,-681.5,-69.6
1300,8,461.1,506.6
1300,8,-461.1,506.6
1300,8,-461.1,-506.6
1300,8,461.1,-506.6
1300,9,681.5,69.6
1300,9,-681.5,69.6
1300,9,681.5,-69.6
1300,9,-681.5,-69.6
1300,9,392.6,561.4
1300,9,-392.6,561.4
1300,9,-392.6,-561.4
1300,9,392.6,-561.4
1300,9,685,0
1300,10,685,0
1300,10,-685,0
1300,10,392.6,561.4
1300,10,-392.6,561.4
1300,10,-392.6,-561.4
1300,10,392.6,-561.4
1300,10,-670.9,-138.4
1300,10,-670.9,138.4
1300,10,670.9,138.4
1300,10,670.9,-138.4
1300,11,685,0
1300,11,-685,0
1300,11,316.2,607.7
1300,11,-316.2,607.7
1300,11,-316.2,-607.7
1300,11,316.2,-607.7
1300,11,-670.9,-138.4
1300,11,-670.9,138.4
1300,11,670.9,138.4
1300,11,670.9,-138.4
1300,11,685,0
1300,12,681.5,69.6
1300,12,-681.5,69.6
1300,12,681.5,-69.6
1300,12,-681.5,-69.6
1300,12,316.2,607.7
1300,12,-316.2,607.7
1300,12,-316.2,-607.7
1300,12,316.2,-607.7
1300,12,-653.4,-205.8
1300,12,-653.4,205.8
1300,12,653.4,205.8
1300,12,653.4,-205.8
1300,13,370.1,-576.4
1300,13,370.1,-576.4
1300,13,370.1,-576.4
1300,13,370.1,-576.4
1300,13,370.1,-576.4
1300,13,370.1,-576.4
1300,13,370.1,-576.4
1300,13,370.1,-576.4
1300,13,370.1,-576.4
1300,13,370.1,-576.4
1300,13,370.1,-576.4
1300,13,370.1,-576.4
1300,13,685,0
1300,14,685,0
1300,14,-685,0
1300,14,260.8,633.4
1300,14,-260.8,633.4
1300,14,-260.8,-633.4
1300,14,260.8,-633.4
1300,14,-670.9,-138.4
1300,14,-670.9,138.4
1300,14,670.9,138.4
1300,14,670.9,-138.4
1300,14,-629.1,-271.1
1300,14,-629.1,271.1
1300,14,629.1,271.1
1300,14,629.1,-271.1
1300,15,370.1,-576.4
1300,15,370.1,-576.4
1300,15,370.1,-576.4
1300,15,370.1,-576.4
1300,15,370.1,-576.4
1300,15,370.1,-576.4
1300,15,370.1,-576.4
1300,15,370.1,-576.4
1300,15,370.1,-576.4
1300,15,370.1,-576.4
1300,15,370.1,-576.4
1300,15,370.1,-576.4
1300,15,370.1,-576.4
1300,15,370.1,-576.4
1300,15,685,0
1300,16,681.5,69.6
1300,16,-681.5,69.6
1300,16,681.5,-69.6
1300,16,-681.5,-69.6
1300,16,239.8,641.7
1300,16,-239.8,641.7
1300,16,-239.8,-641.7
1300,16,239.8,-641.7
1300,16,-653.4,-205.8
1300,16,-653.4,205.8
1300,16,653.4,205.8
1300,16,653.4,-205.8
1300,16,-598.3,-333.6
1300,16,-598.3,333.6
1300,16,598.3,333.6
1300,16,598.3,-333.6
1300,17,370.1,-576.4
1300,17,370.1,-576.4
1300,17,370.1,-576.4
1300,17,370.1,-576.4
1300,17,370.1,-576.4
1300,17,370.1,-576.4
1300,17,370.1,-576.4
1300,17,370.1,-576.4
1300,17,370.1,-576.4
1300,17,370.1,-576.4
1300,17,370.1,-576.4
1300,17,370.1,-576.4
1300,17,370.1,-576.4
1300,17,370.1,-576.4
1300,17,370.1,-576.4
1300,17,370.1,-576.4
1300,17,685,0
1300,18,685,0
1300,18,-685,0
1300,18,231.9,644.6
1300,18,-231.9,644.6
1300,18,-231.9,-644.6
1300,18,231.9,-644.6
1300,18,-670.9,-138.4
1300,18,-670.9,138.4
1300,18,670.9,138.4
1300,18,670.9,-138.4
1300,18,-629.1,-271.1
1300,18,-629.1,271.1
1300,18,629.1,271.1
1300,18,629.1,-271.1
1300,18,-561.4,-392.6
1300,18,-561.4,392.6
1300,18,561.4,392.6
1300,18,561.4,-392.6
1300,19,685,0
1300,19,-685,0
1300,19,287.2,621.9
1300,19,-287.2,621.9
1300,19,-287.2,-621.9
1300,19,287.2,-621.9
1300,19,-670.9,-138.4
1300,19,-670.9,138.4
1300,19,670.9,138.4
1300,19,670.9,-138.4
1300,19,-629.1,-271.1
1300,19,-629.1,271.1
1300,19,629.1,271.1
1300,19,629.1,-271.1
1300,19,-561.4,-392.6
1300,19,-561.4,392.6
1300,19,561.4,392.6
1300,19,561.4,-392.6
1300,19,685,0
1300,20,681.5,69.6
1300,20,-681.5,69.6
1300,20,681.5,-69.6
1300,20,-681.5,-69.6
1300,20,287.2,621.9
1300,20,-287.2,621.9
1300,20,-287.2,-621.9
1300,20,287.2,-621.9
1300,20,-653.4,-205.8
1300,20,-653.4,205.8
1300,20,653.4,205.8
1300,20,653.4,-205.8
1300,20,-598.3,-333.6
1300,20,-598.3,333.6
1300,20,598.3,333.6
1300,20,598.3,-333.6
1300,20,-518.6,-447.5
1300,20,-518.6,447.5
1300,20,518.6,447.5
1300,20,518.6,-447.5
1300,21,681.5,69.6
1300,21,-681.5,69.6
1300,21,681.5,-69.6
1300,21,-681.5,-69.6
1300,21,342.5,593.2
1300,21,-342.5,593.2
1300,21,-342.5,-593.2
1300,21,342.5,-593.2
1300,21,-653.4,-205.8
1300,21,-653.4,205.8
1300,21,653.4,205.8
1300,21,653.4,-205.8
1300,21,-598.3,-333.6
1300,21,-598.3,333.6
1300,21,598.3,333.6
1300,21,598.3,-333.6
1300,21,-518.6,-447.5
1300,21,-518.6,447.5
1300,21,518.6,447.5
1300,21,518.6,-447.5
1300,21,685,0
1300,22,685,0
1300,22,-685,0
1300,22,342.5,593.2
1300,22,-342.5,593.2
1300,22,-342.5,-593.2
1300,22,342.5,-593.2
1300,22,-670.9,-138.4
1300,22,-670.9,138.4
1300,22,670.9,138.4
1300,22,670.9,-138.4
1300,22,-629.1,-271.1
1300,22,-629.1,271.1
1300,22,629.1,271.1
1300,22,629.1,-271.1
1300,22,-561.4,-392.6
1300,22,-561.4,392.6
1300,22,561.4,392.6
1300,22,561.4,-392.6
1300,22,-470.5,-497.9
1300,22,-470.5,497.9
1300,22,470.5,497.9
1300,22,470.5,-497.9
1300,23,685,0
1300,23,-685,0
1300,23,287.2,621.9
1300,23,-287.2,621.9
1300,23,-287.2,-621.9
1300,23,287.2,-621.9
1300,23,-670.9,-138.4
1300,23,-670.9,138.4
1300,23,670.9,138.4
1300,23,670.9,-138.4
1300,23,-629.1,-271.1
1300,23,-629.1,271.1
1300,23,629.1,271.1
1300,23,629.1,-271.1
1300,23,-561.4,-392.6
1300,23,-561.4,392.6
1300,23,561.4,392.6
1300,23,561.4,-392.6
1300,23,-470.5,-497.9
1300,23,-470.5,497.9
1300,23,470.5,497.9
1300,23,470.5,-497.9
1300,23,685,0
1300,24,681.5,69.6
1300,24,-681.5,69.6
1300,24,681.5,-69.6
1300,24,-681.5,-69.6
1300,24,287.2,621.9
1300,24,-287.2,621.9
1300,24,-287.2,-621.9
1300,24,287.2,-621.9
1300,24,-653.4,-205.8
1300,24,-653.4,205.8
1300,24,653.4,205.8
1300,24,653.4,-205.8
1300,24,-598.3,-333.6
1300,24,-598.3,333.6
1300,24,598.3,333.6
1300,24,598.3,-333.6
1300,24,-518.6,-447.5
1300,24,-518.6,447.5
1300,24,518.6,447.5
1300,24,518.6,-447.5
1300,24,-417.5,-543.1
1300,24,-417.5,543.1
1300,24,417.5,543.1
1300,24,417.5,-543.1
1300,25,681.5,69.6
1300,25,-681.5,69.6
1300,25,681.5,-69.6
1300,25,-681.5,-69.6
1300,25,231.9,644.6
1300,25,-231.9,644.6
1300,25,-231.9,-644.6
1300,25,231.9,-644.6
1300,25,-653.4,-205.8
1300,25,-653.4,205.8
1300,25,653.4,205.8
1300,25,653.4,-205.8
1300,25,-598.3,-333.6
1300,25,-598.3,333.6
1300,25,598.3,333.6
1300,25,598.3,-333.6
1300,25,-518.6,-447.5
1300,25,-518.6,447.5
1300,25,518.6,447.5
1300,25,518.6,-447.5
1300,25,-417.5,-543.1
1300,25,-417.5,543.1
1300,25,417.5,543.1
1300,25,417.5,-543.1
1300,25,685,0
1300,26,685,0
1300,26,-685,0
1300,26,231.9,644.6
1300,26,-231.9,644.6
1300,26,-231.9,-644.6
1300,26,231.9,-644.6
1300,26,-670.9,-138.4
1300,26,-670.9,138.4
1300,26,670.9,138.4
1300,26,670.9,-138.4
1300,26,-629.1,-271.1
1300,26,-629.1,271.1
1300,26,629.1,271.1
1300,26,629.1,-271.1
1300,26,-561.4,-392.6
1300,26,-561.4,392.6
1300,26,561.4,392.6
1300,26,561.4,-392.6
1300,26,-470.5,-497.9
1300,26,-470.5,497.9
1300,26,470.5,497.9
1300,26,470.5,-497.9
1300,26,-360.2,-582.7
1300,26,-360.2,582.7
1300,26,360.2,582.7
1300,26,360.2,-582.7
1300,27,685,0
1300,27,-685,0
1300,27,147.5,668.9
1300,27,-147.5,668.9
1300,27,-147.5,-668.9
1300,27,147.5,-668.9
1300,27,-670.9,-138.4
1300,27,-670.9,138.4
1300,27,670.9,138.4
1300,27,670.9,-138.4
1300,27,-629.1,-271.1
1300,27,-629.1,271.1
1300,27,629.1,271.1
1300,27,629.1,-271.1
1300,27,-561.4,-392.6
1300,27,-561.4,392.6
1300,27,561.4,392.6
1300,27,561.4,-392.6
1300,27,-470.5,-497.9
1300,27,-470.5,497.9
1300,27,470.5,497.9
1300,27,470.5,-497.9
1300,27,-360.2,-582.7
1300,27,-360.2,582.7
1300,27,360.2,582.7
1300,27,360.2,-582.7
1300,27,685,0
1300,28,681.5,69.6
1300,28,-681.5,69.6
1300,28,681.5,-69.6
1300,28,-681.5,-69.6
1300,28,147.5,668.9
1300,28,-147.5,668.9
1300,28,-147.5,-668.9
1300,28,147.5,-668.9
1300,28,-653.4,-205.8
1300,28,-653.4,205.8
1300,28,653.4,205.8
1300,28,653.4,-205.8
1300,28,-598.3,-333.6
1300,28,-598.3,333.6
1300,28,598.3,333.6
1300,28,598.3,-333.6
1300,28,-518.6,-447.5
1300,28,-518.6,447.5
1300,28,518.6,447.5
1300,28,518.6,-447.5
1300,28,-417.5,-543.1
1300,28,-417.5,543.1
1300,28,417.5,543.1
1300,28,417.5,-543.1
1300,28,-299.2,-616.2
1300,28,-299.2,616.2
1300,28,299.2,616.2
1300,28,299.2,-616.2
1400,4,635.3,369.7
1400,4,-635.3,369.7
1400,4,-635.3,-369.7
1400,4,635.3,-369.7
1400,5,561.8,474
1400,5,-561.8,474
1400,5,-561.8,-474
1400,5,561.8,-474
1400,5,735,0
1400,6,735,0
1400,6,-735,0
1400,6,561.8,474
1400,6,-561.8,474
1400,6,-561.8,-474
1400,6,561.8,-474
1400,7,735,0
1400,7,-735,0
1400,7,496.1,542.3
1400,7,-496.1,542.3
1400,7,-496.1,-542.3
1400,7,496.1,-542.3
1400,7,735,0
1400,8,731.7,69.3
1400,8,-731.7,69.3
1400,8,731.7,-69.3
1400,8,-731.7,-69.3
1400,8,496.1,542.3
1400,8,-496.1,542.3
1400,8,-496.1,-542.3
1400,8,496.1,-542.3
1400,9,731.7,69.3
1400,9,-731.7,69.3
1400,9,731.7,-69.3
1400,9,-731.7,-69.3
1400,9,420,603.2
1400,9,-420,603.2
1400,9,-420,-603.2
1400,9,420,-603.2
1400,9,735,0
1400,10,735,0
1400,10,-735,0
1400,10,420,603.2
1400,10,-420,603.2
1400,10,-420,-603.2
1400,10,420,-603.2
1400,10,-721.9,-138
1400,10,-721.9,138
1400,10,721.9,138
1400,10,721.9,-138
1400,11,735,0
1400,11,-735,0
1400,11,338.6,652.4
1400,11,-338.6,652.4
1400,11,-338.6,-652.4
1400,11,338.6,-652.4
1400,11,-721.9,-138
1400,11,-721.9,138
1400,11,721.9,138
1400,11,721.9,-138
1400,11,735,0
1400,12,731.7,69.3
1400,12,-731.7,69.3
1400,12,731.7,-69.3
1400,12,-731.7,-69.3
1400,12,338.6,652.4
1400,12,-338.6,652.4
1400,12,-338.6,-652.4
1400,12,338.6,-652.4
1400,12,-705.7,-205.4
1400,12,-705.7,205.4
1400,12,705.7,205.4
1400,12,705.7,-205.4
1400,13,397.1,-618.5
1400,13,397.1,-618.5
1400,13,397.1,-618.5
1400,13,397.1,-618.5
1400,13,397.1,-618.5
1400,13,397.1,-618.5
1400,13,397.1,-618.5
1400,13,397.1,-618.5
1400,13,397.1,-618.5
1400,13,397.1,-618.5
1400,13,397.1,-618.5
1400,13,397.1,-618.5
1400,13,735,0
1400,14,735,0
1400,14,-735,0
1400,14,286.1,677
1400,14,-286.1,677
1400,14,-286.1,-677
1400,14,286.1,-677
1400,14,-721.9,-138
1400,14,-721.9,138
1400,14,721.9,138
1400,14,721.9,-138
1400,14,-683.2,-271.1
1400,14,-683.2,271.1
1400,14,683.2,271.1
1400,14,683.2,-271.1
1400,15,397.1,-618.5
1400,15,397.1,-618.5
1400,15,397.1,-618.5
1400,15,397.1,-618.5
1400,15,397.1,-618.5
1400,15,397.1,-618.5
1400,15,397.1,-618.5
1400,15,397.1,-618.5
1400,15,397.1,-618.5
1400,15,397.1,-618.5
1400,15,397.1,-618.5
1400,15,397.1,-618.5
1400,15,397.1,-618.5
1400,15,397.1,-618.5
1400,15,735,0
1400,16,397.1,-618.5
1400,16,397.1,-618.5
1400,16,397.1,-618.5
1400,16,397.1,-618.5
1400,16,397.1,-618.5
1400,16,397.1,-618.5
1400,16,397.1,-618.5
1400,16,397.1,-618.5
1400,16,397.1,-618.5
1400,16,397.1,-618.5
1400,16,397.1,-618.5
1400,16,397.1,-618.5
1400,16,397.1,-618.5
1400,16,397.1,-618.5
1400,16,397.1,-618.5
1400,16,397.1,-618.5
1400,17,397.1,-618.5
1400,17,397.1,-618.5
1400,17,397.1,-618.5
1400,17,397.1,-618.5
1400,17,397.1,-618.5
1400,17,397.1,-618.5
1400,17,397.1,-618.5
1400,17,397.1,-618.5
1400,17,397.1,-618.5
1400,17,397.1,-618.5
1400,17,397.1,-618.5
1400,17,397.1,-618.5
1400,17,397.1,-618.5
1400,17,397.1,-618.5
1400,17,397.1,-618.5
1400,17,397.1,-618.5
1400,17,735,0
1400,18,735,0
1400,18,-735,0
1400,18,244.1,693.3
1400,18,-244.1,693.3
1400,18,-244.1,-693.3
1400,18,244.1,-693.3
1400,18,-721.9,-138
1400,18,-721.9,138
1400,18,721.9,138
1400,18,721.9,-138
1400,18,-683.2,-271.1
1400,18,-683.2,271.1
1400,18,683.2,271.1
1400,18,683.2,-271.1
1400,18,-620.2,-394.5
1400,18,-620.2,394.5
1400,18,620.2,394.5
1400,18,620.2,-394.5
1400,19,735,0
1400,19,-735,0
1400,19,249.4,691.4
1400,19,-249.4,691.4
1400,19,-249.4,-691.4
1400,19,249.4,-691.4
1400,19,-721.9,-138
1400,19,-721.9,138
1400,19,721.9,138
1400,19,721.9,-138
1400,19,-683.2,-271.1
1400,19,-683.2,271.1
1400,19,683.2,271.1
1400,19,683.2,-271.1
1400,19,-620.2,-394.5
1400,19,-620.2,394.5
1400,19,620.2,394.5
1400,19,620.2,-394.5
1400,19,735,0
1400,20,731.7,69.3
1400,20,-731.7,69.3
1400,20,731.7,-69.3
1400,20,-731.7,-69.3
1400,20,249.4,691.4
1400,20,-249.4,691.4
1400,20,-249.4,-691.4
1400,20,249.4,-691.4
1400,20,-705.7,-205.4
1400,20,-705.7,205.4
1400,20,705.7,205.4
1400,20,705.7,-205.4
1400,20,-654.6,-334.3
1400,20,-654.6,334.3
1400,20,654.6,334.3
1400,20,654.6,-334.3
1400,20,-580.2,-451.2
1400,20,-580.2,451.2
1400,20,580.2,451.2
1400,20,580.2,-451.2
1400,21,731.7,69.3
1400,21,-731.7,69.3
1400,21,731.7,-69.3
1400,21,-731.7,-69.3
1400,21,309.8,666.5
1400,21,-309.8,666.5
1400,21,-309.8,-666.5
1400,21,309.8,-666.5
1400,21,-705.7,-205.4
1400,21,-705.7,205.4
1400,21,705.7,205.4
1400,21,705.7,-205.4
1400,21,-654.6,-334.3
1400,21,-654.6,334.3
1400,21,654.6,334.3
1400,21,654.6,-334.3
1400,21,-580.2,-451.2
1400,21,-580.2,451.2
1400,21,580.2,451.2
1400,21,580.2,-451.2
1400,21,735,0
1400,22,735,0
1400,22,-735,0
1400,22,309.8,666.5
1400,22,-309.8,666.5
1400,22,-309.8,-666.5
1400,22,309.8,-666.5
1400,22,-721.9,-138
1400,22,-721.9,138
1400,22,721.9,138
1400,22,721.9,-138
1400,22,-683.2,-271.1
1400,22,-683.2,271.1
1400,22,683.2,271.1
1400,22,683.2,-271.1
1400,22,-620.2,-394.5
1400,22,-620.2,394.5
1400,22,620.2,394.5
1400,22,620.2,-394.5
1400,22,-535.1,-503.9
1400,22,-535.1,503.9
1400,22,535.1,503.9
1400,22,535.1,-503.9
1400,23,735,0
1400,23,-735,0
1400,23,367.5,636.5
1400,23,-367.5,636.5
1400,23,-367.5,-636.5
1400,23,367.5,-636.5
1400,23,-721.9,-138
1400,23,-721.9,138
1400,23,721.9,138
1400,23,721.9,-138
1400,23,-683.2,-271.1
1400,23,-683.2,271.1
1400,23,683.2,271.1
1400,23,683.2,-271.1
1400,23,-620.2,-394.5
1400,23,-620.2,394.5
1400,23,620.2,394.5
1400,23,620.2,-394.5
1400,23,-535.1,-503.9
1400,23,-535.1,503.9
1400,23,535.1,503.9
1400,23,535.1,-503.9
1400,23,735,0
1400,24,731.7,69.3
1400,24,-731.7,69.3
1400,24,731.7,-69.3
1400,24,-731.7,-69.3
1400,24,367.5,636.5
1400,24,-367.5,636.5
1400,24,-367.5,-636.5
1400,24,367.5,-636.5
1400,24,-705.7,-205.4
1400,24,-705.7,205.4
1400,24,705.7,205.4
1400,24,705.7,-205.4
1400,24,-654.6,-334.3
1400,24,-654.6,334.3
1400,24,654.6,334.3
1400,24,654.6,-334.3
1400,24,-580.2,-451.2
1400,24,-580.2,451.2
1400,24,580.2,451.2
1400,24,580.2,-451.2
1400,24,-485.2,-552.1
1400,24,-485.2,552.1
1400,24,485.2,552.1
1400,24,485.2,-552.1
1400,25,731.7,69.3
1400,25,-731.7,69.3
1400,25,731.7,-69.3
1400,25,-731.7,-69.3
1400,25,309.8,666.5
1400,25,-309.8,666.5
1400,25,-309.8,-666.5
1400,25,309.8,-666.5
1400,25,-705.7,-205.4
1400,25,-705.7,205.4
1400,25,705.7,205.4
1400,25,705.7,-205.4
1400,25,-654.6,-334.3
1400,25,-654.6,334.3
1400,25,654.6,334.3
1400,25,654.6,-334.3
1400,25,-580.2,-451.2
1400,25,-580.2,451.2
1400,25,580.2,451.2
1400,25,580.2,-451.2
1400,25,-485.2,-552.1
1400,25,-485.2,552.1
1400,25,485.2,552.1
1400,25,485.2,-552.1
1400,25,735,0
1400,26,735,0
1400,26,-735,0
1400,26,309.8,666.5
1400,26,-309.8,666.5
1400,26,-309.8,-666.5
1400,26,309.8,-666.5
1400,26,-721.9,-138
1400,26,-721.9,138
1400,26,721.9,138
1400,26,721.9,-138
1400,26,-683.2,-271.1
1400,26,-683.2,271.1
1400,26,683.2,271.1
1400,26,683.2,-271.1
1400,26,-620.2,-394.5
1400,26,-620.2,394.5
1400,26,620.2,394.5
1400,26,620.2,-394.5
1400,26,-535.1,-503.9
1400,26,-535.1,503.9
1400,26,535.1,503.9
1400,26,535.1,-503.9
1400,26,-431,-595.4
1400,26,-431,595.4
1400,26,431,595.4
1400,26,431,-595.4
1400,27,735,0
1400,27,-735,0
1400,27,249.4,691.4
1400,27,-249.4,691.4
1400,27,-249.4,-691.4
1400,27,249.4,-691.4
1400,27,-721.9,-138
1400,27,-721.9,138
1400,27,721.9,138
1400,27,721.9,-138
1400,27,-683.2,-271.1
1400,27,-683.2,271.1
1400,27,683.2,271.1
1400,27,683.2,-271.1
1400,27,-620.2,-394.5
1400,27,-620.2,394.5
1400,27,620.2,394.5
1400,27,620.2,-394.5
1400,27,-535.1,-503.9
1400,27,-535.1,503.9
1400,27,535.1,503.9
1400,27,535.1,-503.9
1400,27,-431,-595.4
1400,27,-431,595.4
1400,27,431,595.4
1400,27,431,-595.4
1400,27,735,0
1400,28,731.7,69.3
1400,28,-731.7,69.3
1400,28,731.7,-69.3
1400,28,-731.7,-69.3
1400,28,249.4,691.4
1400,28,-249.4,691.4
1400,28,-249.4,-691.4
1400,28,249.4,-691.4
1400,28,-705.7,-205.4
1400,28,-705.7,205.4
1400,28,705.7,205.4
1400,28,705.7,-205.4
1400,28,-654.6,-334.3
1400,28,-654.6,334.3
1400,28,654.6,334.3
1400,28,654.6,-334.3
1400,28,-580.2,-451.2
1400,28,-580.2,451.2
1400,28,580.2,451.2
1400,28,580.2,-451.2
1400,28,-485.2,-552.1
1400,28,-485.2,552.1
1400,28,485.2,552.1
1400,28,485.2,-552.1
1400,28,-372.9,-633.4
1400,28,-372.9,633.4
1400,28,372.9,633.4
1400,28,372.9,-633.4
1400,29,731.7,69.3
1400,29,-731.7,69.3
1400,29,731.7,-69.3
1400,29,-731.7,-69.3
1400,29,157.5,717.9
1400,29,-157.5,717.9
1400,29,-157.5,-717.9
1400,29,157.5,-717.9
1400,29,-705.7,-205.4
1400,29,-705.7,205.4
1400,29,705.7,205.4
1400,29,705.7,-205.4
1400,29,-654.6,-334.3
1400,29,-654.6,334.3
1400,29,654.6,334.3
1400,29,654.6,-334.3
1400,29,-580.2,-451.2
1400,29,-580.2,451.2
1400,29,580.2,451.2
1400,29,580.2,-451.2
1400,29,-485.2,-552.1
1400,29,-485.2,552.1
1400,29,485.2,552.1
1400,29,485.2,-552.1
1400,29,-372.9,-633.4
1400,29,-372.9,633.4
1400,29,372.9,633.4
1400,29,372.9,-633.4
1400,29,735,0
1400,30,735,0
1400,30,-735,0
1400,30,157.5,717.9
1400,30,-157.5,717.9
1400,30,-157.5,-717.9
1400,30,157.5,-717.9
1400,30,-721.9,-138
1400,30,-721.9,138
1400,30,721.9,138
1400,30,721.9,-138
1400,30,-683.2,-271.1
1400,30,-683.2,271.1
1400,30,683.2,271.1
1400,30,683.2,-271.1
1400,30,-620.2,-394.5
1400,30,-620.2,394.5
1400,30,620.2,394.5
1400,30,620.2,-394.5
1400,30,-535.1,-503.9
1400,30,-535.1,503.9
1400,30,535.1,503.9
1400,30,535.1,-503.9
1400,30,-431,-595.4
1400,30,-431,595.4
1400,30,431,595.4
1400,30,431,-595.4
1400,30,-311.5,-665.7
1400,30,-311.5,665.7
1400,30,311.5,665.7
1400,30,311.5,-665.7
1500,4,677.7,396.1
1500,4,-677.7,396.1
1500,4,-677.7,-396.1
1500,4,677.7,-396.1
1500,5,599.2,507.1
1500,5,-599.2,507.1
1500,5,-599.2,-507.1
1500,5,599.2,-507.1
1500,5,785,0
1500,6,785,0
1500,6,-785,0
1500,6,599.2,507.1
1500,6,-599.2,507.1
1500,6,-599.2,-507.1
1500,6,599.2,-507.1
1500,7,785,0
1500,7,-785,0
1500,7,528.6,580.4
1500,7,-528.6,580.4
1500,7,-528.6,-580.4
1500,7,528.6,-580.4
1500,7,785,0
1500,8,782,69.1
1500,8,-782,69.1
1500,8,782,-69.1
1500,8,-782,-69.1
1500,8,528.6,580.4
1500,8,-528.6,580.4
1500,8,-528.6,-580.4
1500,8,528.6,-580.4
1500,9,782,69.1
1500,9,-782,69.1
1500,9,782,-69.1
1500,9,-782,-69.1
1500,9,450.1,643.2
1500,9,-450.1,643.2
1500,9,-450.1,-643.2
1500,9,450.1,-643.2
1500,9,785,0
1500,10,785,0
1500,10,-785,0
1500,10,450.1,643.2
1500,10,-450.1,643.2
1500,10,-450.1,-643.2
1500,10,450.1,-643.2
1500,10,-772.8,-137.6
1500,10,-772.8,137.6
1500,10,772.8,137.6
1500,10,772.8,-137.6
1500,11,785,0
1500,11,-785,0
1500,11,361.1,697
1500,11,-361.1,697
1500,11,-361.1,-697
1500,11,361.1,-697
1500,11,-772.8,-137.6
1500,11,-772.8,137.6
1500,11,772.8,137.6
1500,11,772.8,-137.6
1500,11,785,0
1500,12,782,69.1
1500,12,-782,69.1
1500,12,782,-69.1
1500,12,-782,-69.1
1500,12,361.1,697
1500,12,-361.1,697
1500,12,-361.1,-697
1500,12,361.1,-697
1500,12,-757.7,-205.1
1500,12,-757.7,205.1
1500,12,757.7,205.1
1500,12,757.7,-205.1
1500,13,424.1,-660.6
1500,13,424.1,-660.6
1500,13,424.1,-660.6
1500,13,424.1,-660.6
1500,13,424.1,-660.6
1500,13,424.1,-660.6
1500,13,424.1,-660.6
1500,13,424.1,-660.6
1500,13,424.1,-660.6
1500,13,424.1,-660.6
1500,13,424.1,-660.6
1500,13,424.1,-660.6
1500,13,785,0
1500,14,785,0
1500,14,-785,0
1500,14,311.4,720.6
1500,14,-311.4,720.6
1500,14,-311.4,-720.6
1500,14,311.4,-720.6
1500,14,-772.8,-137.6
1500,14,-772.8,137.6
1500,14,772.8,137.6
1500,14,772.8,-137.6
1500,14,-736.7,-271
1500,14,-736.7,271
1500,14,736.7,271
1500,14,736.7,-271
1500,15,424.1,-660.6
1500,15,424.1,-660.6
1500,15,424.1,-660.6
1500,15,424.1,-660.6
1500,15,424.1,-660.6
1500,15,424.1,-660.6
1500,15,424.1,-660.6
1500,15,424.1,-660.6
1500,15,424.1,-660.6
1500,15,424.1,-660.6
1500,15,424.1,-660.6
1500,15,424.1,-660.6
1500,15,424.1,-660.6
1500,15,424.1,-660.6
1500,15,785,0
1500,16,782,69.1
1500,16,-782,69.1
1500,16,782,-69.1
1500,16,-782,-69.1
1500,16,293.1,728.2
1500,16,-293.1,728.2
1500,16,-293.1,-728.2
1500,16,293.1,-728.2
1500,16,-757.7,-205.1
1500,16,-757.7,205.1
1500,16,757.7,205.1
1500,16,757.7,-205.1
1500,16,-710,-334.8
1500,16,-710,334.8
1500,16,710,334.8
1500,16,710,-334.8
1500,17,424.1,-660.6
1500,17,424.1,-660.6
1500,17,424.1,-660.6
1500,17,424.1,-660.6
1500,17,424.1,-660.6
1500,17,424.1,-660.6
1500,17,424.1,-660.6
1500,17,424.1,-660.6
1500,17,424.1,-660.6
1500,17,424.1,-660.6
1500,17,424.1,-660.6
1500,17,424.1,-660.6
1500,17,424.1,-660.6
1500,17,424.1,-660.6
1500,17,424.1,-660.6
1500,17,424.1,-660.6
1500,17,785,0
1500,18,424.1,-660.6
1500,18,424.1,-660.6
1500,18,424.1,-660.6
1500,18,424.1,-660.6
1500,18,424.1,-660.6
1500,18,424.1,-660.6
1500,18,424.1,-660.6
1500,18,424.1,-660.6
1500,18,424.1,-660.6
1500,18,424.1,-660.6
1500,18,424.1,-660.6
1500,18,424.1,-660.6
1500,18,424.1,-660.6
1500,18,424.1,-660.6
1500,18,424.1,-660.6
1500,18,424.1,-660.6
1500,18,424.1,-660.6
1500,18,424.1,-660.6
1500,19,424.1,-660.6
1500,19,424.1,-660.6
1500,19,424.1,-660.6
1500,19,424.1,-660.6
1500,19,424.1,-660.6
1500,19,424.1,-660.6
1500,19,424.1,-660.6
1500,19,424.1,-660.6
1500,19,424.1,-660.6
1500,19,424.1,-660.6
1500,19,424.1,-660.6
1500,19,424.1,-660.6
1500,19,424.1,-660.6
1500,19,424.1,-660.6
1500,19,424.1,-660.6
1500,19,424.1,-660.6
1500,19,424.1,-660.6
1500,19,424.1,-660.6
1500,19,785,0
1500,20,782,69.1
1500,20,-782,69.1
1500,20,782,-69.1
1500,20,-782,-69.1
1500,20,266.9,738.2
1500,20,-266.9,738.2
1500,20,-266.9,-738.2
1500,20,266.9,-738.2
1500,20,-757.7,-205.1
1500,20,-757.7,205.1
1500,20,757.7,205.1
1500,20,757.7,-205.1
1500,20,-710,-334.8
1500,20,-710,334.8
1500,20,710,334.8
1500,20,710,-334.8
1500,20,-640.4,-454.1
1500,20,-640.4,454.1
1500,20,640.4,454.1
1500,20,640.4,-454.1
1500,21,424.1,-660.6
1500,21,424.1,-660.6
1500,21,424.1,-660.6
1500,21,424.1,-660.6
1500,21,424.1,-660.6
1500,21,424.1,-660.6
1500,21,424.1,-660.6
1500,21,424.1,-660.6
1500,21,424.1,-660.6
1500,21,424.1,-660.6
1500,21,424.1,-660.6
1500,21,424.1,-660.6
1500,21,424.1,-660.6
1500,21,424.1,-660.6
1500,21,424.1,-660.6
1500,21,424.1,-660.6
1500,21,424.1,-660.6
1500,21,424.1,-660.6
1500,21,424.1,-660.6
1500,21,424.1,-660.6
1500,21,785,0
1500,22,785,0
1500,22,-785,0
1500,22,235.5,748.8
1500,22,-235.5,748.8
1500,22,-235.5,-748.8
1500,22,235.5,-748.8
1500,22,-772.8,-137.6
1500,22,-772.8,137.6
1500,22,772.8,137.6
1500,22,772.8,-137.6
1500,22,-736.7,-271
1500,22,-736.7,271
1500,22,736.7,271
1500,22,736.7,-271
1500,22,-677.8,-396
1500,22,-677.8,396
1500,22,677.8,396
1500,22,677.8,-396
1500,22,-597.9,-508.7
1500,22,-597.9,508.7
1500,22,597.9,508.7
1500,22,597.9,-508.7
1500,23,785,0
1500,23,-785,0
1500,23,329.7,712.4
1500,23,-329.7,712.4
1500,23,-329.7,-712.4
1500,23,329.7,-712.4
1500,23,-772.8,-137.6
1500,23,-772.8,137.6
1500,23,772.8,137.6
1500,23,772.8,-137.6
1500,23,-736.7,-271
1500,23,-736.7,271
1500,23,736.7,271
1500,23,736.7,-271
1500,23,-677.8,-396
1500,23,-677.8,396
1500,23,677.8,396
1500,23,677.8,-396
1500,23,-597.9,-508.7
1500,23,-597.9,508.7
1500,23,597.9,508.7
1500,23,597.9,-508.7
1500,23,785,0
1500,24,782,69.1
1500,24,-782,69.1
1500,24,782,-69.1
1500,24,-782,-69.1
1500,24,329.7,712.4
1500,24,-329.7,712.4
1500,24,-329.7,-712.4
1500,24,329.7,-712.4
1500,24,-757.7,-205.1
1500,24,-757.7,205.1
1500,24,757.7,205.1
1500,24,757.7,-205.1
1500,24,-710,-334.8
1500,24,-710,334.8
1500,24,710,334.8
1500,24,710,-334.8
1500,24,-640.4,-454.1
1500,24,-640.4,454.1
1500,24,640.4,454.1
1500,24,640.4,-454.1
1500,24,-550.8,-559.3
1500,24,-550.8,559.3
1500,24,550.8,559.3
1500,24,550.8,-559.3
1500,25,782,69.1
1500,25,-782,69.1
1500,25,782,-69.1
1500,25,-782,-69.1
1500,25,361.1,697
1500,25,-361.1,697
1500,25,-361.1,-697
1500,25,361.1,-697
1500,25,-757.7,-205.1
1500,25,-757.7,205.1
1500,25,757.7,205.1
1500,25,757.7,-205.1
1500,25,-710,-334.8
1500,25,-710,334.8
1500,25,710,334.8
1500,25,710,-334.8
1500,25,-640.4,-454.1
1500,25,-640.4,454.1
1500,25,640.4,454.1
1500,25,640.4,-454.1
1500,25,-550.8,-559.3
1500,25,-550.8,559.3
1500,25,550.8,559.3
1500,25,550.8,-559.3
1500,25,785,0
1500,26,785,0
1500,26,-785,0
1500,26,361.1,697
1500,26,-361.1,697
1500,26,-361.1,-697
1500,26,361.1,-697
1500,26,-772.8,-137.6
1500,26,-772.8,137.6
1500,26,772.8,137.6
1500,26,772.8,-137.6
1500,26,-736.7,-271
1500,26,-736.7,271
1500,26,736.7,271
1500,26,736.7,-271
1500,26,-677.8,-396
1500,26,-677.8,396
1500,26,677.8,396
1500,26,677.8,-396
1500,26,-597.9,-508.7
1500,26,-597.9,508.7
1500,26,597.9,508.7
1500,26,597.9,-508.7
1500,26,-499.5,-605.6
1500,26,-499.5,605.6
1500,26,499.5,605.6
1500,26,499.5,-605.6
1500,27,785,0
1500,27,-785,0
1500,27,298.3,726.1
1500,27,-298.3,726.1
1500,27,-298.3,-726.1
1500,27,298.3,-726.1
1500,27,-772.8,-137.6
1500,27,-772.8,137.6
1500,27,772.8,137.6
1500,27,772.8,-137.6
1500,27,-736.7,-271
1500,27,-736.7,271
1500,27,736.7,271
1500,27,736.7,-271
1500,27,-677.8,-396
1500,27,-677.8,396
1500,27,677.8,396
1500,27,677.8,-396
1500,27,-597.9,-508.7
1500,27,-597.9,508.7
1500,27,597.9,508.7
1500,27,597.9,-508.7
1500,27,-499.5,-605.6
1500,27,-499.5,605.6
1500,27,499.5,605.6
1500,27,499.5,-605.6
1500,27,785,0
1500,28,782,69.1
1500,28,-782,69.1
1500,28,782,-69.1
1500,28,-782,-69.1
1500,28,298.3,726.1
1500,28,-298.3,726.1
1500,28,-298.3,-726.1
1500,28,298.3,-726.1
1500,28,-757.7,-205.1
1500,28,-757.7,205.1
1500,28,757.7,205.1
1500,28,757.7,-205.1
1500,28,-710,-334.8
1500,28,-710,334.8
1500,28,710,334.8
1500,28,710,-334.8
1500,28,-640.4,-454.1
1500,28,-640.4,454.1
1500,28,640.4,454.1
1500,28,640.4,-454.1
1500,28,-550.8,-559.3
1500,28,-550.8,559.3
1500,28,550.8,559.3
1500,28,550.8,-559.3
1500,28,-444.2,-647.2
1500,28,-444.2,647.2
1500,28,444.2,647.2
1500,28,444.2,-647.2
1500,29,782,69.1
1500,29,-782,69.1
1500,29,782,-69.1
1500,29,-782,-69.1
1500,29,235.5,748.8
1500,29,-235.5,748.8
1500,29,-235.5,-748.8
1500,29,235.5,-748.8
1500,29,-757.7,-205.1
1500,29,-757.7,205.1
1500,29,757.7,205.1
1500,29,757.7,-205.1
1500,29,-710,-334.8
1500,29,-710,334.8
1500,29,710,334.8
1500,29,710,-334.8
1500,29,-640.4,-454.1
1500,29,-640.4,454.1
1500,29,640.4,454.1
1500,29,640.4,-454.1
1500,29,-550.8,-559.3
1500,29,-550.8,559.3
1500,29,550.8,559.3
1500,29,550.8,-559.3
1500,29,-444.2,-647.2
1500,29,-444.2,647.2
1500,29,444.2,647.2
1500,29,444.2,-647.2
1500,29,785,0
1500,30,785,0
1500,30,-785,0
1500,30,235.5,748.8
1500,30,-235.5,748.8
1500,30,-235.5,-748.8
1500,30,235.5,-748.8
1500,30,-772.8,-137.6
1500,30,-772.8,137.6
1500,30,772.8,137.6
1500,30,772.8,-137.6
1500,30,-736.7,-271
1500,30,-736.7,271
1500,30,736.7,271
1500,30,736.7,-271
1500,30,-677.8,-396
1500,30,-677.8,396
1500,30,677.8,396
1500,30,677.8,-396
1500,30,-597.9,-508.7
1500,30,-597.9,508.7
1500,30,597.9,508.7
1500,30,597.9,-508.7
1500,30,-499.5,-605.6
1500,30,-499.5,605.6
1500,30,499.5,605.6
1500,30,499.5,-605.6
1500,30,-385.6,-683.8
1500,30,-385.6,683.8
1500,30,385.6,683.8
1500,30,385.6,-683.8
1500,31,785,0
1500,31,-785,0
1500,31,167.5,766.9
1500,31,-167.5,766.9
1500,31,-167.5,-766.9
1500,31,167.5,-766.9
1500,31,-772.8,-137.6
1500,31,-772.8,137.6
1500,31,772.8,137.6
1500,31,772.8,-137.6
1500,31,-736.7,-271
1500,31,-736.7,271
1500,31,736.7,271
1500,31,736.7,-271
1500,31,-677.8,-396
1500,31,-677.8,396
1500,31,677.8,396
1500,31,677.8,-396
1500,31,-597.9,-508.7
1500,31,-597.9,508.7
1500,31,597.9,508.7
1500,31,597.9,-508.7
1500,31,-499.5,-605.6
1500,31,-499.5,605.6
1500,31,499.5,605.6
1500,31,499.5,-605.6
1500,31,-385.6,-683.8
1500,31,-385.6,683.8
1500,31,385.6,683.8
1500,31,385.6,-683.8
1500,31,785,0
1500,32,782,69.1
1500,32,-782,69.1
1500,32,782,-69.1
1500,32,-782,-69.1
1500,32,167.5,766.9
1500,32,-167.5,766.9
1500,32,-167.5,-766.9
1500,32,167.5,-766.9
1500,32,-757.7,-205.1
1500,32,-757.7,205.1
1500,32,757.7,205.1
1500,32,757.7,-205.1
1500,32,-710,-334.8
1500,32,-710,334.8
1500,32,710,334.8
1500,32,710,-334.8
1500,32,-640.4,-454.1
1500,32,-640.4,454.1
1500,32,640.4,454.1
1500,32,640.4,-454.1
1500,32,-550.8,-559.3
1500,32,-550.8,559.3
1500,32,550.8,559.3
1500,32,550.8,-559.3
1500,32,-444.2,-647.2
1500,32,-444.2,647.2
1500,32,444.2,647.2
1500,32,444.2,-647.2
1500,32,-323.9,-715.1
1500,32,-323.9,715.1
1500,32,323.9,715.1
1500,32,323.9,-715.1
